﻿"Formatted ID","Name","Schedule State","Blocked","Plan Estimate","Task Estimate Total","Task Remaining Total","Owner","Discussion"
"S31087","Framework should provide us with convenience methods to simulate CEM Transactions covered under TranSimulator test suite in common tools","Unelaborated","False","1.0","0.0","0.0","John Kalbac","0"
"S43441","Support JUnit Categories with parameterized tests","Unelaborated","False","1.0","0.0","0.0","","0"
"S46484","Reset Configuration","Unelaborated","False","1.0","0.0","0.0","Chantal Nork","0"
"S60722","Unified - GetToken input validation","Unelaborated","False","1.0","0.0","0.0","","0"
"S60723","Unified - GetTransactionHistory input validation","Unelaborated","False","2.0","0.0","0.0","","0"
"S65542","Production Smoke Testing","Unelaborated","False","1.0","0.0","0.0","","0"
"S66048","Create static methods to clear MDES cache","Unelaborated","False","1.0","0.0","0.0","","0"
"S77010","CoreContext - Pretty Printer","Unelaborated","False","2.0","0.0","0.0","","0"
"S77343","CoreContext - wildcard accessor","Unelaborated","False","2.0","0.0","0.0","","0"
"S80140","requestActivationCode - common - validate TUR AND PAID input validation before authorization","Unelaborated","False","","0.0","0.0","","0"
"S80143","requestActivationCode - common - authorization - course","Unelaborated","False","","0.0","0.0","","0"
"S80144","requestActivationCode - common - Fine grain authorization","Unelaborated","False","","0.0","0.0","","0"
"S80146","requestActivationCode - common - Different Implementations like Chameleon etc","Unelaborated","False","","0.0","0.0","","0"
"S80147","requestActivationCode - Without Device - responseHost validation /store in db","Unelaborated","False","","0.0","0.0","","0"
"S80149","requestActivationCode - Without Device - Validate ID&V session is not expired/decision is yellow and the token is unmapped","Unelaborated","False","","0.0","0.0","","0"
"S80150","requestActivationCode - Without Device - generate AC and Store based on current timestamp + the mdes parm value/default value","Unelaborated","False","","0.0","0.0","","0"
"S80151","requestActivationCode - Without Device - SEND AC","Unelaborated","False","","0.0","0.0","","0"
"S80153","requestActivationCode - Without Device - SEND DAC","Unelaborated","False","","0.0","0.0","","0"
"S80154","requestActivationCode - Without Device - Retry/ess only","Unelaborated","False","","0.0","0.0","","0"
"S80155","requestActivationCode - Without Device - validate reponseHost on response","Unelaborated","False","","0.0","0.0","","0"
"S80156","requestActivationCode - Without Device - duplicate - AC is sent","Unelaborated","False","","0.0","0.0","","0"
"S80157","requestActivationCode - Without Device - errors path","Unelaborated","False","","0.0","0.0","","0"
"S80158","requestActivationCode - With Device - responseHost validation /store in db","Unelaborated","False","","0.0","0.0","","0"
"S80159","requestActivationCode - With Device - Validate ID&V session is not expired/decision is yellow and the token is unmapped","Unelaborated","False","","0.0","0.0","","0"
"S80160","requestActivationCode - With Device - generate AC and Store based on current timestamp + the mdes parm value/default value","Unelaborated","False","","0.0","0.0","","0"
"S80161","requestActivationCode - With Device - SEND AC","Unelaborated","False","","0.0","0.0","Jane Zahrndt","0"
"S80163","requestActivationCode - With Device - SEND DAC","Unelaborated","False","","0.0","0.0","","0"
"S80164","requestActivationCode - With Device - Retry/ess only","Unelaborated","False","","0.0","0.0","","0"
"S80165","requestActivationCode - With Device - validate reponseHost on response","Unelaborated","False","","0.0","0.0","","0"
"S80166","requestActivationCode - With Device - duplicate - AC is sent","Unelaborated","False","","0.0","0.0","","0"
"S80167","requestActivationCode - With Device - errors path","Unelaborated","False","","0.0","0.0","","0"
"S80168","requestActivationCode - Input Validation - Input validation card info object with and without unencrypted data","Unelaborated","False","","0.0","0.0","","0"
"S80170","requestActivationCode - Input Validation - Prod vs Dev settings","Unelaborated","False","","0.0","0.0","","0"
"S80171","requestActivationCode - Input Validation - Paid URL/Body/ length etc input validation","Unelaborated","False","","0.0","0.0","","0"
"S80172","(Copy of) requestActivationCode - Input Validation - Prod vs Dev settings","Unelaborated","False","","0.0","0.0","","0"
"S80174","Activate - common - validate TUR AND PAID input validation before authorization","Unelaborated","False","","0.0","0.0","","0"
"S80175","Activate - common - authorization - course","Unelaborated","False","","0.0","0.0","","0"
"S80176","Activate - common - Fine grain authorization","Unelaborated","False","","0.0","0.0","","0"
"S80177","Activate - common - Different Implementations like Chameleon etc","Unelaborated","False","","0.0","0.0","","0"
"S80178","Activate - with Device - responseHost validation /store in db","Unelaborated","False","","0.0","0.0","","0"
"S80179","Activate - with Device - check session is active","Unelaborated","False","","0.0","0.0","","0"
"S80180","Activate - with Device - Check AC is not expired","Unelaborated","False","","0.0","0.0","","0"
"S80182","Activate - with Device - TAV both format","Unelaborated","False","","0.0","0.0","","0"
"S80184","Activate - with Device - TV 100/TV 620 /ess only for error scenarios","Unelaborated","False","","0.0","0.0","","0"
"S80185","Activate - with Device - INTU and ess only test scneario","Unelaborated","False","","0.0","0.0","Jane Zahrndt","0"
"S80186","Activate - without Device - responseHost validation /store in db","Unelaborated","False","","0.0","0.0","Jane Zahrndt","0"
"S80187","Activate - without Device - check session is active","Unelaborated","False","","0.0","0.0","Jane Zahrndt","0"
"S80188","Activate - without Device - Check AC is not expired","Unelaborated","False","","0.0","0.0","Jane Zahrndt","0"
"S80189","Activate - without Device - TAV both format","Unelaborated","False","","0.0","0.0","Jane Zahrndt","0"
"S80190","Activate - without Device - TV 100/TV 620 /ess only for error scenarios","Unelaborated","False","","0.0","0.0","Jane Zahrndt","0"
"S80191","Activate - without Device - INTU and ess only test scneario","Unelaborated","False","","0.0","0.0","Jane Zahrndt","0"
"S82451","Activate - Input validation - Paid URL/Body/ length etc input validation","Unelaborated","False","2.0","0.0","0.0","John Kalbac","0"
"S87330","CoreContext - Add ability to clear a single map in context","Unelaborated","False","2.0","0.0","0.0","Cindy Pilling","0"
"S88334","Add triggers to clear QUEUE_MSG historical records","Unelaborated","False","1.0","0.0","0.0","","0"
"S88397","Update tokenizeUtil to latest serviceUtil standards","Unelaborated","False","2.0","0.0","0.0","","0"
"S88525","Apple-NCC/InputValidation/chkInputValidation","Unelaborated","False","0.0","0.0","0.0","","0"
"S89031","Apple-NCC/NetworkCheckCard/chkExceptionProcessing","Unelaborated","False","0.0","0.0","0.0","","0"
"S89032","Apple-NCC/NetworkCheckCard/chkFpanDecryption","Unelaborated","False","0.0","0.0","0.0","","0"
"S89034","Apple-NCC/NetworkCheckCard/chkFpanExpFpanId","Unelaborated","False","","0.0","0.0","","0"
"S89035","Apple-NCC/NetworkCheckCard/chkFpanId-AMS-edge-cases","Unelaborated","False","0.0","0.0","0.0","","0"
"S89045","Apple-NCC/NetworkCheckCard/chkOutboundTEM - analysis","Unelaborated","False","0.0","0.0","0.0","","0"
"S90192","linkAndProvision: add support for """"other"""" provisioningData","Unelaborated","False","2.0","0.0","0.0","","0"
"S90513","linkAndProvision - miscellaneous updates","Unelaborated","False","2.0","0.0","0.0","","0"
"S90529","Response schema - review current file","Unelaborated","False","2.0","0.0","0.0","","0"
"S92421","Input Validation Tests: standardize logging to Report log","Unelaborated","False","1.0","0.0","0.0","Chantal Nork","0"
"S93733","Add Bamboo artifact links from notification emails","Unelaborated","False","1.0","0.0","0.0","John Kalbac","0"
"S95242","Data Management: database procedures and java methods to support cloning of rules in addition to impact of cloning of CUST and ACCT_RNG","Unelaborated","False","","0.0","0.0","Chantal Nork","0"
"S97216","Input validation approach - remove the validation around the know list of input validation errors and the PASS/ERROR.","Unelaborated","False","1.0","0.0","0.0","","0"
"S97219","Input validation approach - Evaluate the defaults for each request builder.","Unelaborated","False","1.0","0.0","0.0","","0"
"S99221","Refactor dpanPool.DpanPoolGenerate","Unelaborated","False","","0.0","0.0","Chantal Nork","0"
"S107053","PBS Regression - Flyway support, add data setup/teardown","Unelaborated","False","2.0","0.0","0.0","John Kalbac","0"
"S116223","Add DataManagement methods for WLT_PRVDR_DVC_TYPE","Unelaborated","False","1.0","0.0","0.0","John Kalbac","0"
"S118961","CS API - Update usages of setTokenStatus(""""delete"""") to use real API","Unelaborated","False","1.0","0.0","0.0","John Kalbac","0"
"S119578","Data Management methods for RULES  tables","Unelaborated","False","","0.0","0.0","","0"
"S128631","Read exceptions from MPS log/DB","Unelaborated","False","","0.0","0.0","Shahansha Shaik","0"
"S140763","Refactor tp_clearing so that data creation is not created via Junit test","Unelaborated","False","","0.0","0.0","Shahansha Shaik","0"
"S147622","Unified Lifecycle - Add test cases for multiple tokens (arrays)","Unelaborated","False","","0.0","0.0","","0"
"S147623","Apple Lifecycle - Add test cases for multiple tokens (arrays)","Unelaborated","False","","0.0","0.0","","0"
"S148780","Regression - failing checkEligibility tests are still """"passing""""","Unelaborated","False","","0.0","0.0","Chantal Nork","0"
"S153936","Data Management: document procedures to rebuild flyway database","Unelaborated","False","1.0","0.0","0.0","Chantal Nork","0"
"S157233","Split LogHandler into debug/report classes","Unelaborated","False","3.0","0.0","0.0","John Kalbac","0"
"S158975","Data Management: research dpan pool generation","Unelaborated","False","","0.0","0.0","Chantal Nork","0"
"S163423","Remove Unified API-specific code from AbstractParser","Unelaborated","False","","0.0","0.0","","0"
"S166392","Create new ServiceUtilityBase class","Unelaborated","False","2.0","0.0","0.0","John Kalbac","0"
"S170275","TDS - ManitobaTransactionParser follow-up","Unelaborated","False","1.0","0.0","0.0","","0"
"S173564","Add utility to retrieve application properties (SSH)","Unelaborated","False","2.0","0.0","0.0","John Kalbac","0"
"S173870","Update service utils to support configurable number of runs","Unelaborated","False","","0.0","0.0","John Kalbac","0"
"S174880","TEST ONLY - OBP  - Create new test case for NTU validation through tokenize flow","Unelaborated","False","0.0","0.0","0.0","","0"
"S181720","Maintenance: research Digitization API.Regression - Flyway Input Validation daily failures","Unelaborated","False","1.0","0.0","0.0","Chantal Nork","0"
"S182882","Refactor PaaResponseHelper","Unelaborated","False","2.0","0.0","0.0","John Kalbac","0"
"S182884","Create Outbound NTU mock response helper","Unelaborated","False","","0.0","0.0","John Kalbac","0"
"S187719","Misc Framework: update excel-driven testcases","Unelaborated","False","","0.0","0.0","","0"
"S191211","tokenize: activation methods analysis","Unelaborated","False","","0.0","0.0","","0"
"S192282","Product Configuration Analysis","Unelaborated","False","","0.0","0.0","","0"
"S192328","Resolution Methods Analysis","Unelaborated","False","","0.0","0.0","","0"
"S192351","IDV Analysis","Unelaborated","False","","0.0","0.0","","0"
"S192369","TC/NSA Analysis","Unelaborated","False","","0.0","0.0","","0"
"S195272","Create a Context Inspector","Unelaborated","False","","0.0","0.0","John Kalbac","0"
"S202062","Data Management: review activation methods configuration","Unelaborated","False","","0.0","0.0","Chantal Nork","0"
"S204734","tokenize: validate request's recommendation/recommendation reasons and recommendationAlgorithmVersion","Unelaborated","False","","0.0","0.0","Chantal Nork","0"
"S205916","tokenize: update tokenizeUtil to not populate device tags (decisioningData) by default ... incorporate once tokenize tests have been ported to flyway","Unelaborated","False","","0.0","0.0","Chantal Nork","0"
"S210321","token: TokenizeMblWltAppLookupValidationTest add validation of exception messages","Unelaborated","False","","0.0","0.0","","0"
"S218393","tokenize: request activation methods (RAM) Response validation","Unelaborated","False","3.0","0.0","0.0","Abhishek Goli","0"
"S219854","tokenize: unique-reference-resolution including error scenarios- Edge Cases","Unelaborated","False","0.0","0.0","0.0","Abhishek Goli","0"
"S221246","pushTransactionDetails - retry validation","Unelaborated","False","","0.0","0.0","Jared Boucher","0"
"S221247","pushTransactionDetails - error responses","Unelaborated","False","","0.0","0.0","Jared Boucher","0"
"S221251","pushTransactionDetails - responseHost processing","Unelaborated","False","","0.0","0.0","Jared Boucher","0"
"S221800","Update AssertionUtil to log to report file","Unelaborated","False","","0.0","0.0","","0"
"S240354","Data Management: re-evaluate values in """"golden data""""","Unelaborated","False","","0.0","0.0","Chantal Nork","0"
"S245852","Create SeleniumUtil screenshot methods","Unelaborated","False","2.0","0.0","0.0","John Kalbac","0"
"S247116","Update all Json Schema Files","Unelaborated","False","2.0","0.0","0.0","Abhishek Goli","0"
"S250267","Tokenize: update/refactor TokenizeCompletionNotificationTest to validate database/outgoing MQ message","Unelaborated","False","","0.0","0.0","Chantal Nork","0"
"S258873","RefactorUsages of DateUtil.addThresholdToDateInSeconds to DBDateUtil.getAdjustedDate","Unelaborated","False","1.0","0.0","0.0","","0"
"S282268","Add all Golden Data to Flyway Golden Constants","Unelaborated","False","5.0","0.0","0.0","Abhishek Goli","0"
"S282272","Client Id that passed to Asw Override response should be issuer one (framework)","Unelaborated","False","3.0","0.0","0.0","Abhishek Goli","0"
"S287927","Framework Validators:  bug in compareValuesWithExpectedContainsActualKeyword()","Unelaborated","False","","0.0","0.0","","0"
"S287940","Data Management - Phase II: generate prefix dynamically when cloning","Unelaborated","False","","0.0","0.0","","0"
"S292834","Add support for epoch timestamps so that exception message's """"timestamp"""" can be validated","Unelaborated","False","","0.0","0.0","","0"
"S295118","Data Management: create clone """"helper"""" methods when cloning WIDs or MWAs","Unelaborated","False","","0.0","0.0","","0"
"S296085","LinkAndProvisionBaseTest TAM methods follow-up","Unelaborated","False","","0.0","0.0","","0"
"S301363","Manitoba/NCC:  database validation update","Unelaborated","False","2.0","0.0","0.0","Abhishek Goli","0"
"S310092","Refactor IssuerWebserviceValidator.AUTHORIZATION_SERVICE.getMultipleRequestAndResponses","Unelaborated","False","","0.0","0.0","Abhishek Goli","0"
"S339700","Data Management: Refactor Data Management Impl","Unelaborated","False","3.0","0.0","0.0","Abhishek Goli","0"
"S348327","Data Management : Create a validation to validate the objects (like views/packages) after DB migration","Defined","False","0.0","0.0","0.0","Sahil Rastogi","0"
"S356225","Create a script to start and stop fpan pool service","Defined","False","1.0","0.0","0.0","Abhishek Goli","0"
"S269140","Create Dao for Queue_Msg Table","In-Progress","False","2.0","0.0","0.0","Abhishek Goli","0"
"S304000","Data Management: add support for ASSET tables","In-Progress","False","2.0","0.0","0.0","Abhishek Goli","0"
"S339703","Data Management: add golden data for 525 Range","In-Progress","False","1.0","0.0","0.0","Abhishek Goli","0"
"S340925","Update the account range and mobile wallet cloning methods to delete data from white list Table","In-Progress","False","2.0","0.0","0.0","Abhishek Goli","0"
"S306381","update cloneManitobaAndAccountRange and cloneManitoba","Completed","False","1.0","0.0","0.0","Abhishek Goli","0"
"S320567","Rebuild the flyway DB due to changes related to 18Q1 MPS Hotfix","Completed","False","1.0","0.0","0.0","Abhishek Goli","0"
"S339702","Data Management: Remove all pools before cloning","Completed","False","1.0","0.0","0.0","Abhishek Goli","0"
"S340140","Data Management: flyway script to update the feature flag correctly","Completed","False","1.0","0.0","0.0","Abhishek Goli","0"
"S348316","Data Management : Deprecate PSD_RNG_SW and use ACH_SW","Completed","False","1.0","0.0","0.0","Abhishek Goli","0"
"S339711","Work on Ft-1 Hotfix","Accepted","False","3.0","0.0","0.0","Michael Pfaender","0"
