<ns1:KeyFileRequest xmlns:ns1="http://www.mastercard.com/service/mdes/objects">
  <Service>MDES</Service>
  <Model>01</Model>
  <TokenRanges>
    <TokenRange>
      <KeyAlias>5706290000300000000</KeyAlias>
      <accountRangeFrom>5706290000300000000</accountRangeFrom>
      <accountRangeTo>5706290000399999999</accountRangeTo>
    </TokenRange>
  </TokenRanges> 
  <Ica>83087</Ica>
  <CustomerName>Newcastle Building Society</CustomerName>
  <FloorExpiryDate>0217</FloorExpiryDate>
  <EmvData>
    <BIN>57062900</BIN>
    <PaymentSystemKeyIndex>F1</PaymentSystemKeyIndex>  
    <IssuerKeySize>1408</IssuerKeySize>  
    <IssuerKeyAlgorithmIndicator>01</IssuerKeyAlgorithmIndicator>  
  </EmvData>
  <IMKacXtraData>
    <InvalidCryptogram>000</InvalidCryptogram>
    <NotValidateCryptogram>005</NotValidateCryptogram>
    <InvalidTvrCvr>005</InvalidTvrCvr>
    <CryptogramNotArqc>000</CryptogramNotArqc>
    <AtcReplay>000</AtcReplay>
    <Height>08</Height>
    <Branch>04</Branch>
    <ArpcRespIfTransactionAccepted>00100000</ArpcRespIfTransactionAccepted>
    <ArpcRespIfTransactionRejected>00000000</ArpcRespIfTransactionRejected>
    <TvrBitmask>0000200000</TvrBitmask>
    <TvrExpected>0000000000</TvrExpected>
    <CvrBitmask>000000890008</CvrBitmask>
    <CvrExpected>000000000000</CvrExpected>
    <PosEntryMode>07</PosEntryMode>
    <AtcHighRange>00200</AtcHighRange>
    <AtcLowRange>00050</AtcLowRange>
  </IMKacXtraData>
  <IMKcvc3XtraData>
    <InvalidCvc3>005</InvalidCvc3>
    <NotValidateCvc3>005</NotValidateCvc3>
    <AllowedAtcRange>005</AllowedAtcRange>
    <NumberMismatch>005</NumberMismatch>
    <PCVC3Track1>00000000070000</PCVC3Track1>
    <PUNATCTrack1>0000000008FC00</PUNATCTrack1>
    <NunTrack1>03</NunTrack1>
    <PPSEQTrack1>00000000100000</PPSEQTrack1>
    <PCVC3Track2>00E0</PCVC3Track2>
    <PUNATCTrack2>011E</PUNATCTrack2>
    <NunTrack2>03</NunTrack2>
    <PPSEQTrack2>0200</PPSEQTrack2>
    <HighestATC>00200</HighestATC>
    <LowestATC>00050</LowestATC>
  </IMKcvc3XtraData>
  <IMKacvcclXtraData>
    <ValidMdAndInvalidUmdAc>000</ValidMdAndInvalidUmdAc>
    <NotValidateCryptogram>005</NotValidateCryptogram>
    <InvalidTvrCvr>005</InvalidTvrCvr>
    <NumberMismatch>005</NumberMismatch>
    <AtcReplay>005</AtcReplay>
    <ARPCrespIfTransAccepted>00100000</ARPCrespIfTransAccepted>
    <ARPCrespIfTransRejected>00000000</ARPCrespIfTransRejected>
    <TvrBitmask>0000200000</TvrBitmask>
    <TvrExpected>0000000000</TvrExpected>
    <CvrBitmask>000000890008</CvrBitmask>
    <CvrExpected>000000000000</CvrExpected>
    <PCVC3Track1>000000000000F0</PCVC3Track1>
   <PUNATCTrack1>0000000000070E</PUNATCTrack1>
   <NunTrack1>02</NunTrack1>
   <PPSEQTrack1>00000000000000</PPSEQTrack1>
   <PCVC3Track2>00F0</PCVC3Track2>
   <PUNATCTrack2>070E</PUNATCTrack2>
    <NunTrack2>02</NunTrack2>
    <PPSEQTrack2>0000</PPSEQTrack2>
  </IMKacvcclXtraData>
  <IMKacrpXtraData>
    <ValidMdAndInvalidUmdAc>000</ValidMdAndInvalidUmdAc>
    <NotValidateCryptogram>005</NotValidateCryptogram>
    <InvalidTvrCvr>005</InvalidTvrCvr>
    <NumberMismatch>005</NumberMismatch>
    <AtcReplay>005</AtcReplay>
    <ARPCrespIfTransAccepted>00100000</ARPCrespIfTransAccepted>
    <ARPCrespIfTransRejected>00000000</ARPCrespIfTransRejected>
    <TvrBitmask>0000200000</TvrBitmask>
    <TvrExpected>0000000000</TvrExpected>
    <CvrBitmask>000000890008</CvrBitmask>
    <CvrExpected>000000000000</CvrExpected>
  </IMKacrpXtraData>
</ns1:KeyFileRequest>
