<soapenv:Envelope xmlns:soapenv="http://schemas.xmlsoap.org/soap/envelope/" xmlns:ns="/MasterCard/MPSService/1.0.0">
   <soapenv:Header/>
   <soapenv:Body>
      <ns:GetTokenAccountRange>
         <!--Optional:-->
         <ns:dataContext>
            <ns:ProcessId>?</ns:ProcessId>
         </ns:dataContext>
         <!--Optional:-->
         <ns:BrandProduct>?</ns:BrandProduct>
         <!--Optional:-->
         <ns:AccountRange>?</ns:AccountRange>
         <!--Optional:-->
         <ns:Owner>?</ns:Owner>
      </ns:GetTokenAccountRange>
   </soapenv:Body>
</soapenv:Envelope>


<soapenv:Envelope xmlns:soapenv="http://schemas.xmlsoap.org/soap/envelope/" xmlns:ns="/MasterCard/MPSService/1.0.0">
   <soapenv:Header/>
   <soapenv:Body>
      <ns:GetTokenAccountRangeResponse>
         <!--Optional:-->
         <ns:GetTokenAccountRangeResult>
            <ns:Action>?</ns:Action>
            <ns:AccountRangeFrom>?</ns:AccountRangeFrom>
            <!--Optional:-->
            <ns:AccountRangeThrough>?</ns:AccountRangeThrough>
            <!--Optional:-->
            <ns:ICA>?</ns:ICA>
            <!--Optional:-->
            <ns:Country>?</ns:Country>
            <!--Optional:-->
            <ns:FundingAccountRange>?</ns:FundingAccountRange>
         </ns:GetTokenAccountRangeResult>
      </ns:GetTokenAccountRangeResponse>
   </soapenv:Body>
</soapenv:Envelope>