<soapenv:Envelope xmlns:soapenv="http://schemas.xmlsoap.org/soap/envelope/" xmlns:ns="/MasterCard/MPSService/1.0.0">
   <soapenv:Header/>
   <soapenv:Body>
      <ns:GetWorkPackageInfo>
         <!--Optional:-->
         <ns:dataContext>
            <ns:ProcessId>?</ns:ProcessId>
         </ns:dataContext>
         <!--Optional:-->
         <ns:WorkPackageID>?</ns:WorkPackageID>
      </ns:GetWorkPackageInfo>
   </soapenv:Body>
</soapenv:Envelope>

<soapenv:Envelope xmlns:soapenv="http://schemas.xmlsoap.org/soap/envelope/" xmlns:ns="/MasterCard/MPSService/1.0.0">
   <soapenv:Header/>
   <soapenv:Body>
      <ns:GetWorkPackageInfoResponse>
         <!--Optional:-->
         <ns:GetWorkPackageInfoResult>
            <!--Optional:-->
            <ns:MPSAvailableTimestamp>?</ns:MPSAvailableTimestamp>
            <!--Optional:-->
            <ns:CommitStatusCode>?</ns:CommitStatusCode>
            <!--Optional:-->
            <ns:ErrorWorkPackageID>?</ns:ErrorWorkPackageID>
            <!--Optional:-->
            <ns:WorkPackageDescription>?</ns:WorkPackageDescription>
            <!--Optional:-->
            <ns:CurrentStatusCode>?</ns:CurrentStatusCode>
            <!--Optional:-->
            <ns:OpenReasonCode>?</ns:OpenReasonCode>
            <!--Optional:-->
            <ns:TxErrors>
               <!--Zero or more repetitions:-->
               <ns:TxError>
                  <!--Optional:-->
                  <ns:ColumnName>?</ns:ColumnName>
                  <!--Optional:-->
                  <ns:ErrorMessage>?</ns:ErrorMessage>
                  <!--Optional:-->
                  <ns:FieldValue>?</ns:FieldValue>
                  <!--Optional:-->
                  <ns:SeverityCode>?</ns:SeverityCode>
               </ns:TxError>
            </ns:TxErrors>
         </ns:GetWorkPackageInfoResult>
      </ns:GetWorkPackageInfoResponse>
   </soapenv:Body>
</soapenv:Envelope>
