<soapenv:Envelope xmlns:soapenv="http://schemas.xmlsoap.org/soap/envelope/" xmlns:ns="/MasterCard/MPSService/1.0.0">
   <soapenv:Header/>
   <soapenv:Body>
      <ns:MDESAccountRangeDetails>
         <!--Optional:-->
         <ns:txContext>
            <ns:ProcessId>?</ns:ProcessId>
            <ns:WorkPackageId>?</ns:WorkPackageId>
            <ns:WPDescription>?</ns:WPDescription>
            <ns:WPEffectiveDate>?</ns:WPEffectiveDate>
            <ns:WPState>?</ns:WPState>
            <!--Optional:-->
            <ns:WPPriority>?</ns:WPPriority>
         </ns:txContext>
         <!--Optional:-->
         <ns:mdesAccountRangeDetail>
            <!--Optional:-->
            <ns:MDESAccountRanges>
               <!--Zero or more repetitions:-->
               <ns:MDESAccountRange>
                  <ns:Action>?</ns:Action>
                  <ns:AccountRangeFrom>?</ns:AccountRangeFrom>
                  <!--Optional:-->
                  <ns:Currency>?</ns:Currency>
                  <!--Optional:-->
                  <ns:MDESModel>?</ns:MDESModel>
                  <!--Optional:-->
                  <ns:DefaultProvisioningPath>?</ns:DefaultProvisioningPath>
                  <!--Optional:-->
                  <ns:IssuerActivationCodeMethod>?</ns:IssuerActivationCodeMethod>
                  <!--Optional:-->
                  <ns:DebitCredit>?</ns:DebitCredit>
                  <!--Optional:-->
                  <ns:AltNetworkRouting>?</ns:AltNetworkRouting>
                  <!--Optional:-->
                  <ns:AppPreferredName>?</ns:AppPreferredName>
                  <!--Optional:-->
                  <ns:ActivationCodeExpirationMins>?</ns:ActivationCodeExpirationMins>
                  <!--Optional:-->
                  <ns:MaxVerificationCount>?</ns:MaxVerificationCount>
                  <!--Optional:-->
                  <ns:DSRPOptOut>?</ns:DSRPOptOut>
                  <!--Optional:-->
                  <ns:CVC2Present>?</ns:CVC2Present>
                  <!--Optional:-->
                  <ns:ExpDatePresent>?</ns:ExpDatePresent>
                  <!--Optional:-->
                  <ns:IssuerCodeTableIndex>?</ns:IssuerCodeTableIndex>
                  <!--Optional:-->
                  <ns:MultiAccountCard>?</ns:MultiAccountCard>
                  <!--Optional:-->
                  <ns:IIN>?</ns:IIN>
                  <!--Optional:-->
                  <ns:InitialMPINLengthNumber>?</ns:InitialMPINLengthNumber>
                  <!--Optional:-->
                  <ns:MobilePINTryLimit>?</ns:MobilePINTryLimit>
                  <!--Optional:-->
                  <ns:IDVRuleSetID>?</ns:IDVRuleSetID>
                  <!--Optional:-->
                  <ns:IssuerKeyLabelName>?</ns:IssuerKeyLabelName>
                  <!--Optional:-->
                  <ns:ExternalPersoProvider>?</ns:ExternalPersoProvider>
                  <!--Optional:-->
                  <ns:IssuerMasterKeys>?</ns:IssuerMasterKeys>
               </ns:MDESAccountRange>
            </ns:MDESAccountRanges>
            <!--Optional:-->
            <ns:MDESAccountRangeBrandProducts>
               <!--Zero or more repetitions:-->
               <ns:MDESAccountRangeBrandProduct>
                  <ns:Action>?</ns:Action>
                  <ns:AccountRangeFrom>?</ns:AccountRangeFrom>
                  <ns:BrandProduct>?</ns:BrandProduct>
                  <!--Optional:-->
                  <ns:ProductConfigurationImage>?</ns:ProductConfigurationImage>
               </ns:MDESAccountRangeBrandProduct>
            </ns:MDESAccountRangeBrandProducts>
            <!--Optional:-->
            <ns:MDESAccountRangeWalletProviders>
               <!--Zero or more repetitions:-->
               <ns:MDESAccountRangeWalletProvider>
                  <ns:Action>?</ns:Action>
                  <ns:AccountRangeFrom>?</ns:AccountRangeFrom>
                  <ns:WalletProvider>?</ns:WalletProvider>
                  <!--Optional:-->
                  <ns:CallCenterPhoneNumber>?</ns:CallCenterPhoneNumber>
                  <!--Optional:-->
                  <ns:SUKUpperLimit>?</ns:SUKUpperLimit>
                  <!--Optional:-->
                  <ns:SUKLowerLimit>?</ns:SUKLowerLimit>
               </ns:MDESAccountRangeWalletProvider>
            </ns:MDESAccountRangeWalletProviders>
            <!--Optional:-->
            <ns:MDESAccountRangeCardholderActivationCodeMethods>
               <!--Zero or more repetitions:-->
               <ns:MDESAccountRangeCardholderActivationCodeMethod>
                  <ns:Action>?</ns:Action>
                  <ns:AccountRangeFrom>?</ns:AccountRangeFrom>
                  <ns:CardholderActivationCodeMethod>?</ns:CardholderActivationCodeMethod>
                  <!--Optional:-->
                  <ns:CardholderActivationCodeMethodValue>?</ns:CardholderActivationCodeMethodValue>
               </ns:MDESAccountRangeCardholderActivationCodeMethod>
            </ns:MDESAccountRangeCardholderActivationCodeMethods>
            <!--Optional:-->
            <ns:MDESAccountRangeMobileWalletApplications>
               <!--Zero or more repetitions:-->
               <ns:MDESAccountRangeMobileWalletApplication>
                  <ns:Action>?</ns:Action>
                  <ns:AccountRangeFrom>?</ns:AccountRangeFrom>
                  <ns:WalletProvider>?</ns:WalletProvider>
                  <ns:MobileWalletAppID>?</ns:MobileWalletAppID>
                  <!--Optional:-->
                  <ns:TermsAndConditons>?</ns:TermsAndConditons>
               </ns:MDESAccountRangeMobileWalletApplication>
            </ns:MDESAccountRangeMobileWalletApplications>
            <!--Optional:-->
            <ns:MDESAccountRangeKeyDerivationIndexs>
               <!--Zero or more repetitions:-->
               <ns:MDESAccountRangeKeyDerivationIndex>
                  <ns:Action>?</ns:Action>
                  <ns:AccountRangeFrom>?</ns:AccountRangeFrom>
                  <ns:KeyDerivationIndex>?</ns:KeyDerivationIndex>
               </ns:MDESAccountRangeKeyDerivationIndex>
            </ns:MDESAccountRangeKeyDerivationIndexs>
            <!--Optional:-->
            <ns:AccountRangeNetworkMessages>
               <!--Zero or more repetitions:-->
               <ns:AccountRangeNetworkMessage>
                  <ns:Action>?</ns:Action>
                  <ns:AccountRangeFrom>?</ns:AccountRangeFrom>
                  <ns:NetworkMessage>?</ns:NetworkMessage>
                  <ns:TokenService>?</ns:TokenService>
               </ns:AccountRangeNetworkMessage>
            </ns:AccountRangeNetworkMessages>
            <!--Optional:-->
            <ns:AccountRangeTokenTypes>
               <!--Zero or more repetitions:-->
               <ns:AccountRangeTokenType>
                  <ns:Action>?</ns:Action>
                  <ns:AccountRangeFrom>?</ns:AccountRangeFrom>
                  <ns:TokenType>?</ns:TokenType>
                  <!--Optional:-->
                  <ns:Service>?</ns:Service>
                  <!--Optional:-->
                  <ns:ExtendedService>?</ns:ExtendedService>
               </ns:AccountRangeTokenType>
            </ns:AccountRangeTokenTypes>
            <!--Optional:-->
            <ns:MDESAccountRangeBitMaps>
               <!--Zero or more repetitions:-->
               <ns:MDESAccountRangeBitMap>
                  <ns:Action>?</ns:Action>
                  <ns:AccountRangeFrom>?</ns:AccountRangeFrom>
                  <ns:TokenType>?</ns:TokenType>
                  <ns:ParameterByteNumber>?</ns:ParameterByteNumber>
                  <ns:ParameterBitNumber>?</ns:ParameterBitNumber>
                  <ns:ParameterTypeName>?</ns:ParameterTypeName>
                  <!--Optional:-->
                  <ns:BitResponse>?</ns:BitResponse>
               </ns:MDESAccountRangeBitMap>
            </ns:MDESAccountRangeBitMaps>
            <!--Optional:-->
            <ns:AccountRangeTokenTypeLanguages>
               <!--Zero or more repetitions:-->
               <ns:AccountRangeTokenTypeLanguage>
                  <ns:Action>?</ns:Action>
                  <ns:AccountRangeFrom>?</ns:AccountRangeFrom>
                  <ns:TokenType>?</ns:TokenType>
                  <ns:Preference>?</ns:Preference>
                  <!--Optional:-->
                  <ns:Language>?</ns:Language>
               </ns:AccountRangeTokenTypeLanguage>
            </ns:AccountRangeTokenTypeLanguages>
            <!--Optional:-->
            <ns:AccountRangeTokenTypeAccumulators>
               <!--Zero or more repetitions:-->
               <ns:AccountRangeTokenTypeAccumulator>
                  <ns:Action>?</ns:Action>
                  <ns:AccountRangeFrom>?</ns:AccountRangeFrom>
                  <ns:TokenType>?</ns:TokenType>
                  <ns:Accumulator>?</ns:Accumulator>
                  <!--Optional:-->
                  <ns:Currency>?</ns:Currency>
               </ns:AccountRangeTokenTypeAccumulator>
            </ns:AccountRangeTokenTypeAccumulators>
            <!--Optional:-->
            <ns:AccountRangeTokenTypeAccumulatorCurrencyConvs>
               <!--Zero or more repetitions:-->
               <ns:AccountRangeTokenTypeAccumulatorCurrencyConv>
                  <ns:Action>?</ns:Action>
                  <ns:AccountRangeFrom>?</ns:AccountRangeFrom>
                  <ns:TokenType>?</ns:TokenType>
                  <ns:Currency>?</ns:Currency>
                  <ns:Accumulator>?</ns:Accumulator>
                  <!--Optional:-->
                  <ns:ConversionRate>?</ns:ConversionRate>
                  <!--Optional:-->
                  <ns:ConversionExponent>?</ns:ConversionExponent>
               </ns:AccountRangeTokenTypeAccumulatorCurrencyConv>
            </ns:AccountRangeTokenTypeAccumulatorCurrencyConvs>
            <!--Optional:-->
            <ns:AuthAccountRangeCardLengths>
               <!--Zero or more repetitions:-->
               <ns:AuthAccountRangeCardLength>
                  <ns:Action>?</ns:Action>
                  <ns:AccountRangeFrom>?</ns:AccountRangeFrom>
                  <ns:CardLength>?</ns:CardLength>
                  <!--Optional:-->
                  <ns:PrincipalLength>?</ns:PrincipalLength>
               </ns:AuthAccountRangeCardLength>
            </ns:AuthAccountRangeCardLengths>
            <!--Optional:-->
            <ns:AuthAccountRangeDecisionMatrixs>
               <!--Zero or more repetitions:-->
               <ns:AuthAccountRangeDecisionMatrix>
                  <ns:Action>?</ns:Action>
                  <ns:AccountRangeFrom>?</ns:AccountRangeFrom>
                  <ns:ExpiryDate>?</ns:ExpiryDate>
                  <ns:OnBehalfService>?</ns:OnBehalfService>
                  <!--Optional:-->
                  <ns:OBSResult>?</ns:OBSResult>
                  <!--Optional:-->
                  <ns:ResponseCode>?</ns:ResponseCode>
               </ns:AuthAccountRangeDecisionMatrix>
            </ns:AuthAccountRangeDecisionMatrixs>
            <!--Optional:-->
            <ns:AccountRangeTokenTypePOSEntryModes>
               <!--Zero or more repetitions:-->
               <ns:AccountRangeTokenTypePOSEntryMode>
                  <ns:Action>?</ns:Action>
                  <ns:AccountRangeFrom>?</ns:AccountRangeFrom>
                  <ns:TokenType>?</ns:TokenType>
                  <ns:POSEntryMode>?</ns:POSEntryMode>
                  <ns:ExpiryDate>?</ns:ExpiryDate>
                  <!--Optional:-->
                  <ns:PCVC3Track1>?</ns:PCVC3Track1>
                  <!--Optional:-->
                  <ns:PCVC3Track2>?</ns:PCVC3Track2>
                  <!--Optional:-->
                  <ns:NATCTrack1DigitCount>?</ns:NATCTrack1DigitCount>
                  <!--Optional:-->
                  <ns:NATCTrack2DigitCount>?</ns:NATCTrack2DigitCount>
                  <!--Optional:-->
                  <ns:PUNATCTrack1>?</ns:PUNATCTrack1>
                  <!--Optional:-->
                  <ns:PUNATCTrack2>?</ns:PUNATCTrack2>
                  <!--Optional:-->
                  <ns:NUNTrack1DigitCount>?</ns:NUNTrack1DigitCount>
                  <!--Optional:-->
                  <ns:NUNTrack2DigitCount>?</ns:NUNTrack2DigitCount>
                  <!--Optional:-->
                  <ns:PPSEQTrack1>?</ns:PPSEQTrack1>
                  <!--Optional:-->
                  <ns:PPSEQTrack2>?</ns:PPSEQTrack2>
               </ns:AccountRangeTokenTypePOSEntryMode>
            </ns:AccountRangeTokenTypePOSEntryModes>
            <!--Optional:-->
            <ns:MDESAccountRangeMobileWalletAppCVMLists>
               <!--Zero or more repetitions:-->
               <ns:MDESAccountRangeMobileWalletAppCVMList>
                  <ns:Action>?</ns:Action>
                  <ns:AccountRangeFrom>?</ns:AccountRangeFrom>
                  <ns:WalletProvider>?</ns:WalletProvider>
                  <ns:MobileWalletApp>?</ns:MobileWalletApp>
                  <ns:CVMListID>?</ns:CVMListID>
                  <ns:CVMListType>?</ns:CVMListType>
               </ns:MDESAccountRangeMobileWalletAppCVMList>
            </ns:MDESAccountRangeMobileWalletAppCVMLists>
            <!--Optional:-->
            <ns:MDESAccountRangeMobileWalletAppDEDcsnMtrxs>
               <!--Zero or more repetitions:-->
               <ns:MDESAccountRangeMobileWalletAppDEDcsnMtrx>
                  <ns:Action>?</ns:Action>
                  <ns:AccountRangeFrom>?</ns:AccountRangeFrom>
                  <ns:WalletProvider>?</ns:WalletProvider>
                  <ns:MobileWalletApp>?</ns:MobileWalletApp>
                  <ns:DataElementNumber>?</ns:DataElementNumber>
                  <ns:SubElementNumber>?</ns:SubElementNumber>
                  <ns:POSEntryMode>?</ns:POSEntryMode>
                  <ns:DecisionMatrixType>?</ns:DecisionMatrixType>
                  <ns:ResultCode>?</ns:ResultCode>
                  <!--Optional:-->
                  <ns:HighValueTxnResponse>?</ns:HighValueTxnResponse>
                  <!--Optional:-->
                  <ns:LowValueTxnResponse>?</ns:LowValueTxnResponse>
               </ns:MDESAccountRangeMobileWalletAppDEDcsnMtrx>
            </ns:MDESAccountRangeMobileWalletAppDEDcsnMtrxs>
         </ns:mdesAccountRangeDetail>
      </ns:MDESAccountRangeDetails>
   </soapenv:Body>
</soapenv:Envelope>

<soapenv:Envelope xmlns:soapenv="http://schemas.xmlsoap.org/soap/envelope/" xmlns:ns="/MasterCard/MPSService/1.0.0">
   <soapenv:Header/>
   <soapenv:Body>
      <ns:MDESAccountRangeDetailsResponse>
         <!--Optional:-->
         <ns:MDESAccountRangeDetailsResult>
            <!--Optional:-->
            <ns:ResultCode>?</ns:ResultCode>
            <!--Optional:-->
            <ns:WorkPackageId>?</ns:WorkPackageId>
            <!--Optional:-->
            <ns:TxErrors>
               <!--Zero or more repetitions:-->
               <ns:TxError>
                  <!--Optional:-->
                  <ns:ColumnName>?</ns:ColumnName>
                  <!--Optional:-->
                  <ns:ErrorMessage>?</ns:ErrorMessage>
                  <!--Optional:-->
                  <ns:FieldValue>?</ns:FieldValue>
                  <!--Optional:-->
                  <ns:SeverityCode>?</ns:SeverityCode>
               </ns:TxError>
            </ns:TxErrors>
         </ns:MDESAccountRangeDetailsResult>
      </ns:MDESAccountRangeDetailsResponse>
   </soapenv:Body>
</soapenv:Envelope>