<soapenv:Envelope xmlns:soapenv="http://schemas.xmlsoap.org/soap/envelope/" xmlns:ns="/MasterCard/MPSService/1.0.0">
   <soapenv:Header/>
   <soapenv:Body>
      <ns:MDESEnablements>
         <!--Optional:-->
         <ns:txContext>
            <ns:ProcessId>?</ns:ProcessId>
            <ns:WorkPackageId>?</ns:WorkPackageId>
            <ns:WPDescription>?</ns:WPDescription>
            <ns:WPEffectiveDate>?</ns:WPEffectiveDate>
            <ns:WPState>?</ns:WPState>
            <!--Optional:-->
            <ns:WPPriority>?</ns:WPPriority>
         </ns:txContext>
         <!--Optional:-->
         <ns:mdesEnablement>
            <!--Optional:-->
            <ns:AccountRanges>
               <!--Zero or more repetitions:-->
               <ns:AccountRange>
                  <ns:Action>?</ns:Action>
                  <ns:AccountRangeFrom>?</ns:AccountRangeFrom>
                  <!--Optional:-->
                  <ns:AccountRangeThrough>?</ns:AccountRangeThrough>
                  <!--Optional:-->
                  <ns:ICA>?</ns:ICA>
                  <!--Optional:-->
                  <ns:Country>?</ns:Country>
                  <!--Optional:-->
                  <ns:FundingAccountRange>?</ns:FundingAccountRange>
               </ns:AccountRange>
            </ns:AccountRanges>
            <!--Optional:-->
            <ns:AccountRangeProcessingServices>
               <!--Zero or more repetitions:-->
               <ns:AccountRangeProcessingService>
                  <ns:Action>?</ns:Action>
                  <ns:AccountRangeFrom>?</ns:AccountRangeFrom>
                  <ns:ServiceCode>?</ns:ServiceCode>
               </ns:AccountRangeProcessingService>
            </ns:AccountRangeProcessingServices>
            <!--Optional:-->
            <ns:TokenAccountRangeOnBehalfServices>
               <!--Zero or more repetitions:-->
               <ns:TokenAccountRangeOnBehalfService>
                  <ns:Action>?</ns:Action>
                  <ns:AccountRangeFrom>?</ns:AccountRangeFrom>
                  <ns:OnBehalfService>?</ns:OnBehalfService>
                  <!--Optional:-->
                  <ns:KeyProcess>?</ns:KeyProcess>
                  <!--Optional:-->
                  <ns:ExtractRecord>?</ns:ExtractRecord>
                  <!--Optional:-->
                  <ns:TruncateTransaction>?</ns:TruncateTransaction>
                  <!--Optional:-->
                  <ns:LowDate>?</ns:LowDate>
                  <!--Optional:-->
                  <ns:HighDate>?</ns:HighDate>
               </ns:TokenAccountRangeOnBehalfService>
            </ns:TokenAccountRangeOnBehalfServices>
         </ns:mdesEnablement>
      </ns:MDESEnablements>
   </soapenv:Body>
</soapenv:Envelope>

<soapenv:Envelope xmlns:soapenv="http://schemas.xmlsoap.org/soap/envelope/" xmlns:ns="/MasterCard/MPSService/1.0.0">
   <soapenv:Header/>
   <soapenv:Body>
      <ns:MDESEnablementsResponse>
         <!--Optional:-->
         <ns:MDESEnablementsResult>
            <!--Optional:-->
            <ns:ResultCode>?</ns:ResultCode>
            <!--Optional:-->
            <ns:WorkPackageId>?</ns:WorkPackageId>
            <!--Optional:-->
            <ns:TxErrors>
               <!--Zero or more repetitions:-->
               <ns:TxError>
                  <!--Optional:-->
                  <ns:ColumnName>?</ns:ColumnName>
                  <!--Optional:-->
                  <ns:ErrorMessage>?</ns:ErrorMessage>
                  <!--Optional:-->
                  <ns:FieldValue>?</ns:FieldValue>
                  <!--Optional:-->
                  <ns:SeverityCode>?</ns:SeverityCode>
               </ns:TxError>
            </ns:TxErrors>
         </ns:MDESEnablementsResult>
      </ns:MDESEnablementsResponse>
   </soapenv:Body>
</soapenv:Envelope>