<soapenv:Envelope xmlns:soapenv="http://schemas.xmlsoap.org/soap/envelope/" xmlns:ns="/MasterCard/MPSService/1.0.0">
   <soapenv:Header/>
   <soapenv:Body>
      <ns:MDSAccountRangeUpdate>
         <!--Optional:-->
         <ns:txContext>
            <ns:ProcessId>?</ns:ProcessId>
            <ns:WorkPackageId>?</ns:WorkPackageId>
            <ns:WPDescription>?</ns:WPDescription>
            <ns:WPEffectiveDate>?</ns:WPEffectiveDate>
            <ns:WPState>?</ns:WPState>
            <!--Optional:-->
            <ns:WPPriority>?</ns:WPPriority>
         </ns:txContext>
         <!--Optional:-->
         <ns:mdsAccountRange>
            <ns:Action>?</ns:Action>
            <ns:AccountRangeFrom>?</ns:AccountRangeFrom>
            <!--Optional:-->
            <ns:BillingICA>?</ns:BillingICA>
            <!--Optional:-->
            <ns:MDSBIN>?</ns:MDSBIN>
            <!--Optional:-->
            <ns:Country>?</ns:Country>
            <!--Optional:-->
            <ns:Currency>?</ns:Currency>
            <!--Optional:-->
            <ns:RTN>?</ns:RTN>
         </ns:mdsAccountRange>
      </ns:MDSAccountRangeUpdate>
   </soapenv:Body>
</soapenv:Envelope>

<soapenv:Envelope xmlns:soapenv="http://schemas.xmlsoap.org/soap/envelope/" xmlns:ns="/MasterCard/MPSService/1.0.0">
   <soapenv:Header/>
   <soapenv:Body>
      <ns:MDSAccountRangeUpdateResponse>
         <!--Optional:-->
         <ns:MDSAccountRangeUpdateResult>
            <!--Optional:-->
            <ns:ResultCode>?</ns:ResultCode>
            <!--Optional:-->
            <ns:WorkPackageId>?</ns:WorkPackageId>
            <!--Optional:-->
            <ns:TxErrors>
               <!--Zero or more repetitions:-->
               <ns:TxError>
                  <!--Optional:-->
                  <ns:ColumnName>?</ns:ColumnName>
                  <!--Optional:-->
                  <ns:ErrorMessage>?</ns:ErrorMessage>
                  <!--Optional:-->
                  <ns:FieldValue>?</ns:FieldValue>
                  <!--Optional:-->
                  <ns:SeverityCode>?</ns:SeverityCode>
               </ns:TxError>
            </ns:TxErrors>
         </ns:MDSAccountRangeUpdateResult>
      </ns:MDSAccountRangeUpdateResponse>
   </soapenv:Body>
</soapenv:Envelope>